BARCODE_1	BARCODE_2	OUTPUT	SAMPLE_ALIAS	LIBRARY_NAME	RG	LB	SM
TAAGGCGA	TCTTACGC	/volume/babylon/brooklyn/work/151023_NB501157_0004_AHK5NHBGXX/cram_demuxltiplex/SA_TAAGGCGATCTTACGC.cram	SA_TAAGGCGATCTTACGC LN_TAAGGCGATCTTACGC HK5NHBGXX:1:TAAGGCGATCTTACGC	TAAGGCGATCTTACGC_library	TAAGGCGATCTTACGC_sample
CGTACTAG	TCTTACGC	/volume/babylon/brooklyn/work/151023_NB501157_0004_AHK5NHBGXX/cram_demuxltiplex/SA_CGTACTAGTCTTACGC.cram	SA_CGTACTAGTCTTACGC LN_CGTACTAGTCTTACGC HK5NHBGXX:1:CGTACTAGTCTTACGC	CGTACTAGTCTTACGC_library	CGTACTAGTCTTACGC_sample
AGGCAGAA	TCTTACGC	/volume/babylon/brooklyn/work/151023_NB501157_0004_AHK5NHBGXX/cram_demuxltiplex/SA_AGGCAGAATCTTACGC.cram	SA_AGGCAGAATCTTACGC LN_AGGCAGAATCTTACGC HK5NHBGXX:1:AGGCAGAATCTTACGC	AGGCAGAATCTTACGC_library	AGGCAGAATCTTACGC_sample
TCCTGAGC	TCTTACGC	/volume/babylon/brooklyn/work/151023_NB501157_0004_AHK5NHBGXX/cram_demuxltiplex/SA_TCCTGAGCTCTTACGC.cram	SA_TCCTGAGCTCTTACGC LN_TCCTGAGCTCTTACGC HK5NHBGXX:1:TCCTGAGCTCTTACGC	TCCTGAGCTCTTACGC_library	TCCTGAGCTCTTACGC_sample
GGACTCCT	TCTTACGC	/volume/babylon/brooklyn/work/151023_NB501157_0004_AHK5NHBGXX/cram_demuxltiplex/SA_GGACTCCTTCTTACGC.cram	SA_GGACTCCTTCTTACGC LN_GGACTCCTTCTTACGC HK5NHBGXX:1:GGACTCCTTCTTACGC	GGACTCCTTCTTACGC_library	GGACTCCTTCTTACGC_sample
TAGGCATG	TCTTACGC	/volume/babylon/brooklyn/work/151023_NB501157_0004_AHK5NHBGXX/cram_demuxltiplex/SA_TAGGCATGTCTTACGC.cram	SA_TAGGCATGTCTTACGC LN_TAGGCATGTCTTACGC HK5NHBGXX:1:TAGGCATGTCTTACGC	TAGGCATGTCTTACGC_library	TAGGCATGTCTTACGC_sample
CTCTCTAC	TCTTACGC	/volume/babylon/brooklyn/work/151023_NB501157_0004_AHK5NHBGXX/cram_demuxltiplex/SA_CTCTCTACTCTTACGC.cram	SA_CTCTCTACTCTTACGC LN_CTCTCTACTCTTACGC HK5NHBGXX:1:CTCTCTACTCTTACGC	CTCTCTACTCTTACGC_library	CTCTCTACTCTTACGC_sample
CAGAGAGG	TCTTACGC	/volume/babylon/brooklyn/work/151023_NB501157_0004_AHK5NHBGXX/cram_demuxltiplex/SA_CAGAGAGGTCTTACGC.cram	SA_CAGAGAGGTCTTACGC LN_CAGAGAGGTCTTACGC HK5NHBGXX:1:CAGAGAGGTCTTACGC	CAGAGAGGTCTTACGC_library	CAGAGAGGTCTTACGC_sample
GCTACGCT	TCTTACGC	/volume/babylon/brooklyn/work/151023_NB501157_0004_AHK5NHBGXX/cram_demuxltiplex/SA_GCTACGCTTCTTACGC.cram	SA_GCTACGCTTCTTACGC LN_GCTACGCTTCTTACGC HK5NHBGXX:1:GCTACGCTTCTTACGC	GCTACGCTTCTTACGC_library	GCTACGCTTCTTACGC_sample
CGAGGCTG	TCTTACGC	/volume/babylon/brooklyn/work/151023_NB501157_0004_AHK5NHBGXX/cram_demuxltiplex/SA_CGAGGCTGTCTTACGC.cram	SA_CGAGGCTGTCTTACGC LN_CGAGGCTGTCTTACGC HK5NHBGXX:1:CGAGGCTGTCTTACGC	CGAGGCTGTCTTACGC_library	CGAGGCTGTCTTACGC_sample
AAGAGGCA	TCTTACGC	/volume/babylon/brooklyn/work/151023_NB501157_0004_AHK5NHBGXX/cram_demuxltiplex/SA_AAGAGGCATCTTACGC.cram	SA_AAGAGGCATCTTACGC LN_AAGAGGCATCTTACGC HK5NHBGXX:1:AAGAGGCATCTTACGC	AAGAGGCATCTTACGC_library	AAGAGGCATCTTACGC_sample
GTAGAGGA	TCTTACGC	/volume/babylon/brooklyn/work/151023_NB501157_0004_AHK5NHBGXX/cram_demuxltiplex/SA_GTAGAGGATCTTACGC.cram	SA_GTAGAGGATCTTACGC LN_GTAGAGGATCTTACGC HK5NHBGXX:1:GTAGAGGATCTTACGC	GTAGAGGATCTTACGC_library	GTAGAGGATCTTACGC_sample
TAAGGCGA	ATAGAGAG	/volume/babylon/brooklyn/work/151023_NB501157_0004_AHK5NHBGXX/cram_demuxltiplex/SA_TAAGGCGAATAGAGAG.cram	SA_TAAGGCGAATAGAGAG LN_TAAGGCGAATAGAGAG HK5NHBGXX:1:TAAGGCGAATAGAGAG	TAAGGCGAATAGAGAG_library	TAAGGCGAATAGAGAG_sample
CGTACTAG	ATAGAGAG	/volume/babylon/brooklyn/work/151023_NB501157_0004_AHK5NHBGXX/cram_demuxltiplex/SA_CGTACTAGATAGAGAG.cram	SA_CGTACTAGATAGAGAG LN_CGTACTAGATAGAGAG HK5NHBGXX:1:CGTACTAGATAGAGAG	CGTACTAGATAGAGAG_library	CGTACTAGATAGAGAG_sample
AGGCAGAA	ATAGAGAG	/volume/babylon/brooklyn/work/151023_NB501157_0004_AHK5NHBGXX/cram_demuxltiplex/SA_AGGCAGAAATAGAGAG.cram	SA_AGGCAGAAATAGAGAG LN_AGGCAGAAATAGAGAG HK5NHBGXX:1:AGGCAGAAATAGAGAG	AGGCAGAAATAGAGAG_library	AGGCAGAAATAGAGAG_sample
TCCTGAGC	ATAGAGAG	/volume/babylon/brooklyn/work/151023_NB501157_0004_AHK5NHBGXX/cram_demuxltiplex/SA_TCCTGAGCATAGAGAG.cram	SA_TCCTGAGCATAGAGAG LN_TCCTGAGCATAGAGAG HK5NHBGXX:1:TCCTGAGCATAGAGAG	TCCTGAGCATAGAGAG_library	TCCTGAGCATAGAGAG_sample
GGACTCCT	ATAGAGAG	/volume/babylon/brooklyn/work/151023_NB501157_0004_AHK5NHBGXX/cram_demuxltiplex/SA_GGACTCCTATAGAGAG.cram	SA_GGACTCCTATAGAGAG LN_GGACTCCTATAGAGAG HK5NHBGXX:1:GGACTCCTATAGAGAG	GGACTCCTATAGAGAG_library	GGACTCCTATAGAGAG_sample
TAGGCATG	ATAGAGAG	/volume/babylon/brooklyn/work/151023_NB501157_0004_AHK5NHBGXX/cram_demuxltiplex/SA_TAGGCATGATAGAGAG.cram	SA_TAGGCATGATAGAGAG LN_TAGGCATGATAGAGAG HK5NHBGXX:1:TAGGCATGATAGAGAG	TAGGCATGATAGAGAG_library	TAGGCATGATAGAGAG_sample
CTCTCTAC	ATAGAGAG	/volume/babylon/brooklyn/work/151023_NB501157_0004_AHK5NHBGXX/cram_demuxltiplex/SA_CTCTCTACATAGAGAG.cram	SA_CTCTCTACATAGAGAG LN_CTCTCTACATAGAGAG HK5NHBGXX:1:CTCTCTACATAGAGAG	CTCTCTACATAGAGAG_library	CTCTCTACATAGAGAG_sample
CAGAGAGG	ATAGAGAG	/volume/babylon/brooklyn/work/151023_NB501157_0004_AHK5NHBGXX/cram_demuxltiplex/SA_CAGAGAGGATAGAGAG.cram	SA_CAGAGAGGATAGAGAG LN_CAGAGAGGATAGAGAG HK5NHBGXX:1:CAGAGAGGATAGAGAG	CAGAGAGGATAGAGAG_library	CAGAGAGGATAGAGAG_sample
GCTACGCT	ATAGAGAG	/volume/babylon/brooklyn/work/151023_NB501157_0004_AHK5NHBGXX/cram_demuxltiplex/SA_GCTACGCTATAGAGAG.cram	SA_GCTACGCTATAGAGAG LN_GCTACGCTATAGAGAG HK5NHBGXX:1:GCTACGCTATAGAGAG	GCTACGCTATAGAGAG_library	GCTACGCTATAGAGAG_sample
CGAGGCTG	ATAGAGAG	/volume/babylon/brooklyn/work/151023_NB501157_0004_AHK5NHBGXX/cram_demuxltiplex/SA_CGAGGCTGATAGAGAG.cram	SA_CGAGGCTGATAGAGAG LN_CGAGGCTGATAGAGAG HK5NHBGXX:1:CGAGGCTGATAGAGAG	CGAGGCTGATAGAGAG_library	CGAGGCTGATAGAGAG_sample
AAGAGGCA	ATAGAGAG	/volume/babylon/brooklyn/work/151023_NB501157_0004_AHK5NHBGXX/cram_demuxltiplex/SA_AAGAGGCAATAGAGAG.cram	SA_AAGAGGCAATAGAGAG LN_AAGAGGCAATAGAGAG HK5NHBGXX:1:AAGAGGCAATAGAGAG	AAGAGGCAATAGAGAG_library	AAGAGGCAATAGAGAG_sample
GTAGAGGA	ATAGAGAG	/volume/babylon/brooklyn/work/151023_NB501157_0004_AHK5NHBGXX/cram_demuxltiplex/SA_GTAGAGGAATAGAGAG.cram	SA_GTAGAGGAATAGAGAG LN_GTAGAGGAATAGAGAG HK5NHBGXX:1:GTAGAGGAATAGAGAG	GTAGAGGAATAGAGAG_library	GTAGAGGAATAGAGAG_sample
TAAGGCGA	AGAGGATA	/volume/babylon/brooklyn/work/151023_NB501157_0004_AHK5NHBGXX/cram_demuxltiplex/SA_TAAGGCGAAGAGGATA.cram	SA_TAAGGCGAAGAGGATA LN_TAAGGCGAAGAGGATA HK5NHBGXX:1:TAAGGCGAAGAGGATA	TAAGGCGAAGAGGATA_library	TAAGGCGAAGAGGATA_sample
CGTACTAG	AGAGGATA	/volume/babylon/brooklyn/work/151023_NB501157_0004_AHK5NHBGXX/cram_demuxltiplex/SA_CGTACTAGAGAGGATA.cram	SA_CGTACTAGAGAGGATA LN_CGTACTAGAGAGGATA HK5NHBGXX:1:CGTACTAGAGAGGATA	CGTACTAGAGAGGATA_library	CGTACTAGAGAGGATA_sample
AGGCAGAA	AGAGGATA	/volume/babylon/brooklyn/work/151023_NB501157_0004_AHK5NHBGXX/cram_demuxltiplex/SA_AGGCAGAAAGAGGATA.cram	SA_AGGCAGAAAGAGGATA LN_AGGCAGAAAGAGGATA HK5NHBGXX:1:AGGCAGAAAGAGGATA	AGGCAGAAAGAGGATA_library	AGGCAGAAAGAGGATA_sample
TCCTGAGC	AGAGGATA	/volume/babylon/brooklyn/work/151023_NB501157_0004_AHK5NHBGXX/cram_demuxltiplex/SA_TCCTGAGCAGAGGATA.cram	SA_TCCTGAGCAGAGGATA LN_TCCTGAGCAGAGGATA HK5NHBGXX:1:TCCTGAGCAGAGGATA	TCCTGAGCAGAGGATA_library	TCCTGAGCAGAGGATA_sample
GGACTCCT	AGAGGATA	/volume/babylon/brooklyn/work/151023_NB501157_0004_AHK5NHBGXX/cram_demuxltiplex/SA_GGACTCCTAGAGGATA.cram	SA_GGACTCCTAGAGGATA LN_GGACTCCTAGAGGATA HK5NHBGXX:1:GGACTCCTAGAGGATA	GGACTCCTAGAGGATA_library	GGACTCCTAGAGGATA_sample
TAGGCATG	AGAGGATA	/volume/babylon/brooklyn/work/151023_NB501157_0004_AHK5NHBGXX/cram_demuxltiplex/SA_TAGGCATGAGAGGATA.cram	SA_TAGGCATGAGAGGATA LN_TAGGCATGAGAGGATA HK5NHBGXX:1:TAGGCATGAGAGGATA	TAGGCATGAGAGGATA_library	TAGGCATGAGAGGATA_sample
CTCTCTAC	AGAGGATA	/volume/babylon/brooklyn/work/151023_NB501157_0004_AHK5NHBGXX/cram_demuxltiplex/SA_CTCTCTACAGAGGATA.cram	SA_CTCTCTACAGAGGATA LN_CTCTCTACAGAGGATA HK5NHBGXX:1:CTCTCTACAGAGGATA	CTCTCTACAGAGGATA_library	CTCTCTACAGAGGATA_sample
CAGAGAGG	AGAGGATA	/volume/babylon/brooklyn/work/151023_NB501157_0004_AHK5NHBGXX/cram_demuxltiplex/SA_CAGAGAGGAGAGGATA.cram	SA_CAGAGAGGAGAGGATA LN_CAGAGAGGAGAGGATA HK5NHBGXX:1:CAGAGAGGAGAGGATA	CAGAGAGGAGAGGATA_library	CAGAGAGGAGAGGATA_sample
GCTACGCT	AGAGGATA	/volume/babylon/brooklyn/work/151023_NB501157_0004_AHK5NHBGXX/cram_demuxltiplex/SA_GCTACGCTAGAGGATA.cram	SA_GCTACGCTAGAGGATA LN_GCTACGCTAGAGGATA HK5NHBGXX:1:GCTACGCTAGAGGATA	GCTACGCTAGAGGATA_library	GCTACGCTAGAGGATA_sample
CGAGGCTG	AGAGGATA	/volume/babylon/brooklyn/work/151023_NB501157_0004_AHK5NHBGXX/cram_demuxltiplex/SA_CGAGGCTGAGAGGATA.cram	SA_CGAGGCTGAGAGGATA LN_CGAGGCTGAGAGGATA HK5NHBGXX:1:CGAGGCTGAGAGGATA	CGAGGCTGAGAGGATA_library	CGAGGCTGAGAGGATA_sample
AAGAGGCA	AGAGGATA	/volume/babylon/brooklyn/work/151023_NB501157_0004_AHK5NHBGXX/cram_demuxltiplex/SA_AAGAGGCAAGAGGATA.cram	SA_AAGAGGCAAGAGGATA LN_AAGAGGCAAGAGGATA HK5NHBGXX:1:AAGAGGCAAGAGGATA	AAGAGGCAAGAGGATA_library	AAGAGGCAAGAGGATA_sample
GTAGAGGA	AGAGGATA	/volume/babylon/brooklyn/work/151023_NB501157_0004_AHK5NHBGXX/cram_demuxltiplex/SA_GTAGAGGAAGAGGATA.cram	SA_GTAGAGGAAGAGGATA LN_GTAGAGGAAGAGGATA HK5NHBGXX:1:GTAGAGGAAGAGGATA	GTAGAGGAAGAGGATA_library	GTAGAGGAAGAGGATA_sample
TAAGGCGA	TCTACTCT	/volume/babylon/brooklyn/work/151023_NB501157_0004_AHK5NHBGXX/cram_demuxltiplex/SA_TAAGGCGATCTACTCT.cram	SA_TAAGGCGATCTACTCT LN_TAAGGCGATCTACTCT HK5NHBGXX:1:TAAGGCGATCTACTCT	TAAGGCGATCTACTCT_library	TAAGGCGATCTACTCT_sample
CGTACTAG	TCTACTCT	/volume/babylon/brooklyn/work/151023_NB501157_0004_AHK5NHBGXX/cram_demuxltiplex/SA_CGTACTAGTCTACTCT.cram	SA_CGTACTAGTCTACTCT LN_CGTACTAGTCTACTCT HK5NHBGXX:1:CGTACTAGTCTACTCT	CGTACTAGTCTACTCT_library	CGTACTAGTCTACTCT_sample
AGGCAGAA	TCTACTCT	/volume/babylon/brooklyn/work/151023_NB501157_0004_AHK5NHBGXX/cram_demuxltiplex/SA_AGGCAGAATCTACTCT.cram	SA_AGGCAGAATCTACTCT LN_AGGCAGAATCTACTCT HK5NHBGXX:1:AGGCAGAATCTACTCT	AGGCAGAATCTACTCT_library	AGGCAGAATCTACTCT_sample
TCCTGAGC	TCTACTCT	/volume/babylon/brooklyn/work/151023_NB501157_0004_AHK5NHBGXX/cram_demuxltiplex/SA_TCCTGAGCTCTACTCT.cram	SA_TCCTGAGCTCTACTCT LN_TCCTGAGCTCTACTCT HK5NHBGXX:1:TCCTGAGCTCTACTCT	TCCTGAGCTCTACTCT_library	TCCTGAGCTCTACTCT_sample
GGACTCCT	TCTACTCT	/volume/babylon/brooklyn/work/151023_NB501157_0004_AHK5NHBGXX/cram_demuxltiplex/SA_GGACTCCTTCTACTCT.cram	SA_GGACTCCTTCTACTCT LN_GGACTCCTTCTACTCT HK5NHBGXX:1:GGACTCCTTCTACTCT	GGACTCCTTCTACTCT_library	GGACTCCTTCTACTCT_sample
TAGGCATG	TCTACTCT	/volume/babylon/brooklyn/work/151023_NB501157_0004_AHK5NHBGXX/cram_demuxltiplex/SA_TAGGCATGTCTACTCT.cram	SA_TAGGCATGTCTACTCT LN_TAGGCATGTCTACTCT HK5NHBGXX:1:TAGGCATGTCTACTCT	TAGGCATGTCTACTCT_library	TAGGCATGTCTACTCT_sample
CTCTCTAC	TCTACTCT	/volume/babylon/brooklyn/work/151023_NB501157_0004_AHK5NHBGXX/cram_demuxltiplex/SA_CTCTCTACTCTACTCT.cram	SA_CTCTCTACTCTACTCT LN_CTCTCTACTCTACTCT HK5NHBGXX:1:CTCTCTACTCTACTCT	CTCTCTACTCTACTCT_library	CTCTCTACTCTACTCT_sample
CAGAGAGG	TCTACTCT	/volume/babylon/brooklyn/work/151023_NB501157_0004_AHK5NHBGXX/cram_demuxltiplex/SA_CAGAGAGGTCTACTCT.cram	SA_CAGAGAGGTCTACTCT LN_CAGAGAGGTCTACTCT HK5NHBGXX:1:CAGAGAGGTCTACTCT	CAGAGAGGTCTACTCT_library	CAGAGAGGTCTACTCT_sample
GCTACGCT	TCTACTCT	/volume/babylon/brooklyn/work/151023_NB501157_0004_AHK5NHBGXX/cram_demuxltiplex/SA_GCTACGCTTCTACTCT.cram	SA_GCTACGCTTCTACTCT LN_GCTACGCTTCTACTCT HK5NHBGXX:1:GCTACGCTTCTACTCT	GCTACGCTTCTACTCT_library	GCTACGCTTCTACTCT_sample
CGAGGCTG	TCTACTCT	/volume/babylon/brooklyn/work/151023_NB501157_0004_AHK5NHBGXX/cram_demuxltiplex/SA_CGAGGCTGTCTACTCT.cram	SA_CGAGGCTGTCTACTCT LN_CGAGGCTGTCTACTCT HK5NHBGXX:1:CGAGGCTGTCTACTCT	CGAGGCTGTCTACTCT_library	CGAGGCTGTCTACTCT_sample
AAGAGGCA	TCTACTCT	/volume/babylon/brooklyn/work/151023_NB501157_0004_AHK5NHBGXX/cram_demuxltiplex/SA_AAGAGGCATCTACTCT.cram	SA_AAGAGGCATCTACTCT LN_AAGAGGCATCTACTCT HK5NHBGXX:1:AAGAGGCATCTACTCT	AAGAGGCATCTACTCT_library	AAGAGGCATCTACTCT_sample
GTAGAGGA	TCTACTCT	/volume/babylon/brooklyn/work/151023_NB501157_0004_AHK5NHBGXX/cram_demuxltiplex/SA_GTAGAGGATCTACTCT.cram	SA_GTAGAGGATCTACTCT LN_GTAGAGGATCTACTCT HK5NHBGXX:1:GTAGAGGATCTACTCT	GTAGAGGATCTACTCT_library	GTAGAGGATCTACTCT_sample
TAAGGCGA	CTCCTTAC	/volume/babylon/brooklyn/work/151023_NB501157_0004_AHK5NHBGXX/cram_demuxltiplex/SA_TAAGGCGACTCCTTAC.cram	SA_TAAGGCGACTCCTTAC LN_TAAGGCGACTCCTTAC HK5NHBGXX:1:TAAGGCGACTCCTTAC	TAAGGCGACTCCTTAC_library	TAAGGCGACTCCTTAC_sample
CGTACTAG	CTCCTTAC	/volume/babylon/brooklyn/work/151023_NB501157_0004_AHK5NHBGXX/cram_demuxltiplex/SA_CGTACTAGCTCCTTAC.cram	SA_CGTACTAGCTCCTTAC LN_CGTACTAGCTCCTTAC HK5NHBGXX:1:CGTACTAGCTCCTTAC	CGTACTAGCTCCTTAC_library	CGTACTAGCTCCTTAC_sample
AGGCAGAA	CTCCTTAC	/volume/babylon/brooklyn/work/151023_NB501157_0004_AHK5NHBGXX/cram_demuxltiplex/SA_AGGCAGAACTCCTTAC.cram	SA_AGGCAGAACTCCTTAC LN_AGGCAGAACTCCTTAC HK5NHBGXX:1:AGGCAGAACTCCTTAC	AGGCAGAACTCCTTAC_library	AGGCAGAACTCCTTAC_sample
TCCTGAGC	CTCCTTAC	/volume/babylon/brooklyn/work/151023_NB501157_0004_AHK5NHBGXX/cram_demuxltiplex/SA_TCCTGAGCCTCCTTAC.cram	SA_TCCTGAGCCTCCTTAC LN_TCCTGAGCCTCCTTAC HK5NHBGXX:1:TCCTGAGCCTCCTTAC	TCCTGAGCCTCCTTAC_library	TCCTGAGCCTCCTTAC_sample
GGACTCCT	CTCCTTAC	/volume/babylon/brooklyn/work/151023_NB501157_0004_AHK5NHBGXX/cram_demuxltiplex/SA_GGACTCCTCTCCTTAC.cram	SA_GGACTCCTCTCCTTAC LN_GGACTCCTCTCCTTAC HK5NHBGXX:1:GGACTCCTCTCCTTAC	GGACTCCTCTCCTTAC_library	GGACTCCTCTCCTTAC_sample
TAGGCATG	CTCCTTAC	/volume/babylon/brooklyn/work/151023_NB501157_0004_AHK5NHBGXX/cram_demuxltiplex/SA_TAGGCATGCTCCTTAC.cram	SA_TAGGCATGCTCCTTAC LN_TAGGCATGCTCCTTAC HK5NHBGXX:1:TAGGCATGCTCCTTAC	TAGGCATGCTCCTTAC_library	TAGGCATGCTCCTTAC_sample
CTCTCTAC	CTCCTTAC	/volume/babylon/brooklyn/work/151023_NB501157_0004_AHK5NHBGXX/cram_demuxltiplex/SA_CTCTCTACCTCCTTAC.cram	SA_CTCTCTACCTCCTTAC LN_CTCTCTACCTCCTTAC HK5NHBGXX:1:CTCTCTACCTCCTTAC	CTCTCTACCTCCTTAC_library	CTCTCTACCTCCTTAC_sample
CAGAGAGG	CTCCTTAC	/volume/babylon/brooklyn/work/151023_NB501157_0004_AHK5NHBGXX/cram_demuxltiplex/SA_CAGAGAGGCTCCTTAC.cram	SA_CAGAGAGGCTCCTTAC LN_CAGAGAGGCTCCTTAC HK5NHBGXX:1:CAGAGAGGCTCCTTAC	CAGAGAGGCTCCTTAC_library	CAGAGAGGCTCCTTAC_sample
GCTACGCT	CTCCTTAC	/volume/babylon/brooklyn/work/151023_NB501157_0004_AHK5NHBGXX/cram_demuxltiplex/SA_GCTACGCTCTCCTTAC.cram	SA_GCTACGCTCTCCTTAC LN_GCTACGCTCTCCTTAC HK5NHBGXX:1:GCTACGCTCTCCTTAC	GCTACGCTCTCCTTAC_library	GCTACGCTCTCCTTAC_sample
CGAGGCTG	CTCCTTAC	/volume/babylon/brooklyn/work/151023_NB501157_0004_AHK5NHBGXX/cram_demuxltiplex/SA_CGAGGCTGCTCCTTAC.cram	SA_CGAGGCTGCTCCTTAC LN_CGAGGCTGCTCCTTAC HK5NHBGXX:1:CGAGGCTGCTCCTTAC	CGAGGCTGCTCCTTAC_library	CGAGGCTGCTCCTTAC_sample
AAGAGGCA	CTCCTTAC	/volume/babylon/brooklyn/work/151023_NB501157_0004_AHK5NHBGXX/cram_demuxltiplex/SA_AAGAGGCACTCCTTAC.cram	SA_AAGAGGCACTCCTTAC LN_AAGAGGCACTCCTTAC HK5NHBGXX:1:AAGAGGCACTCCTTAC	AAGAGGCACTCCTTAC_library	AAGAGGCACTCCTTAC_sample
GTAGAGGA	CTCCTTAC	/volume/babylon/brooklyn/work/151023_NB501157_0004_AHK5NHBGXX/cram_demuxltiplex/SA_GTAGAGGACTCCTTAC.cram	SA_GTAGAGGACTCCTTAC LN_GTAGAGGACTCCTTAC HK5NHBGXX:1:GTAGAGGACTCCTTAC	GTAGAGGACTCCTTAC_library	GTAGAGGACTCCTTAC_sample
TAAGGCGA	TATGCAGT	/volume/babylon/brooklyn/work/151023_NB501157_0004_AHK5NHBGXX/cram_demuxltiplex/SA_TAAGGCGATATGCAGT.cram	SA_TAAGGCGATATGCAGT LN_TAAGGCGATATGCAGT HK5NHBGXX:1:TAAGGCGATATGCAGT	TAAGGCGATATGCAGT_library	TAAGGCGATATGCAGT_sample
CGTACTAG	TATGCAGT	/volume/babylon/brooklyn/work/151023_NB501157_0004_AHK5NHBGXX/cram_demuxltiplex/SA_CGTACTAGTATGCAGT.cram	SA_CGTACTAGTATGCAGT LN_CGTACTAGTATGCAGT HK5NHBGXX:1:CGTACTAGTATGCAGT	CGTACTAGTATGCAGT_library	CGTACTAGTATGCAGT_sample
AGGCAGAA	TATGCAGT	/volume/babylon/brooklyn/work/151023_NB501157_0004_AHK5NHBGXX/cram_demuxltiplex/SA_AGGCAGAATATGCAGT.cram	SA_AGGCAGAATATGCAGT LN_AGGCAGAATATGCAGT HK5NHBGXX:1:AGGCAGAATATGCAGT	AGGCAGAATATGCAGT_library	AGGCAGAATATGCAGT_sample
TCCTGAGC	TATGCAGT	/volume/babylon/brooklyn/work/151023_NB501157_0004_AHK5NHBGXX/cram_demuxltiplex/SA_TCCTGAGCTATGCAGT.cram	SA_TCCTGAGCTATGCAGT LN_TCCTGAGCTATGCAGT HK5NHBGXX:1:TCCTGAGCTATGCAGT	TCCTGAGCTATGCAGT_library	TCCTGAGCTATGCAGT_sample
GGACTCCT	TATGCAGT	/volume/babylon/brooklyn/work/151023_NB501157_0004_AHK5NHBGXX/cram_demuxltiplex/SA_GGACTCCTTATGCAGT.cram	SA_GGACTCCTTATGCAGT LN_GGACTCCTTATGCAGT HK5NHBGXX:1:GGACTCCTTATGCAGT	GGACTCCTTATGCAGT_library	GGACTCCTTATGCAGT_sample
TAGGCATG	TATGCAGT	/volume/babylon/brooklyn/work/151023_NB501157_0004_AHK5NHBGXX/cram_demuxltiplex/SA_TAGGCATGTATGCAGT.cram	SA_TAGGCATGTATGCAGT LN_TAGGCATGTATGCAGT HK5NHBGXX:1:TAGGCATGTATGCAGT	TAGGCATGTATGCAGT_library	TAGGCATGTATGCAGT_sample
CTCTCTAC	TATGCAGT	/volume/babylon/brooklyn/work/151023_NB501157_0004_AHK5NHBGXX/cram_demuxltiplex/SA_CTCTCTACTATGCAGT.cram	SA_CTCTCTACTATGCAGT LN_CTCTCTACTATGCAGT HK5NHBGXX:1:CTCTCTACTATGCAGT	CTCTCTACTATGCAGT_library	CTCTCTACTATGCAGT_sample
CAGAGAGG	TATGCAGT	/volume/babylon/brooklyn/work/151023_NB501157_0004_AHK5NHBGXX/cram_demuxltiplex/SA_CAGAGAGGTATGCAGT.cram	SA_CAGAGAGGTATGCAGT LN_CAGAGAGGTATGCAGT HK5NHBGXX:1:CAGAGAGGTATGCAGT	CAGAGAGGTATGCAGT_library	CAGAGAGGTATGCAGT_sample
GCTACGCT	TATGCAGT	/volume/babylon/brooklyn/work/151023_NB501157_0004_AHK5NHBGXX/cram_demuxltiplex/SA_GCTACGCTTATGCAGT.cram	SA_GCTACGCTTATGCAGT LN_GCTACGCTTATGCAGT HK5NHBGXX:1:GCTACGCTTATGCAGT	GCTACGCTTATGCAGT_library	GCTACGCTTATGCAGT_sample
CGAGGCTG	TATGCAGT	/volume/babylon/brooklyn/work/151023_NB501157_0004_AHK5NHBGXX/cram_demuxltiplex/SA_CGAGGCTGTATGCAGT.cram	SA_CGAGGCTGTATGCAGT LN_CGAGGCTGTATGCAGT HK5NHBGXX:1:CGAGGCTGTATGCAGT	CGAGGCTGTATGCAGT_library	CGAGGCTGTATGCAGT_sample
AAGAGGCA	TATGCAGT	/volume/babylon/brooklyn/work/151023_NB501157_0004_AHK5NHBGXX/cram_demuxltiplex/SA_AAGAGGCATATGCAGT.cram	SA_AAGAGGCATATGCAGT LN_AAGAGGCATATGCAGT HK5NHBGXX:1:AAGAGGCATATGCAGT	AAGAGGCATATGCAGT_library	AAGAGGCATATGCAGT_sample
GTAGAGGA	TATGCAGT	/volume/babylon/brooklyn/work/151023_NB501157_0004_AHK5NHBGXX/cram_demuxltiplex/SA_GTAGAGGATATGCAGT.cram	SA_GTAGAGGATATGCAGT LN_GTAGAGGATATGCAGT HK5NHBGXX:1:GTAGAGGATATGCAGT	GTAGAGGATATGCAGT_library	GTAGAGGATATGCAGT_sample
TAAGGCGA	TACTCCTT	/volume/babylon/brooklyn/work/151023_NB501157_0004_AHK5NHBGXX/cram_demuxltiplex/SA_TAAGGCGATACTCCTT.cram	SA_TAAGGCGATACTCCTT LN_TAAGGCGATACTCCTT HK5NHBGXX:1:TAAGGCGATACTCCTT	TAAGGCGATACTCCTT_library	TAAGGCGATACTCCTT_sample
CGTACTAG	TACTCCTT	/volume/babylon/brooklyn/work/151023_NB501157_0004_AHK5NHBGXX/cram_demuxltiplex/SA_CGTACTAGTACTCCTT.cram	SA_CGTACTAGTACTCCTT LN_CGTACTAGTACTCCTT HK5NHBGXX:1:CGTACTAGTACTCCTT	CGTACTAGTACTCCTT_library	CGTACTAGTACTCCTT_sample
AGGCAGAA	TACTCCTT	/volume/babylon/brooklyn/work/151023_NB501157_0004_AHK5NHBGXX/cram_demuxltiplex/SA_AGGCAGAATACTCCTT.cram	SA_AGGCAGAATACTCCTT LN_AGGCAGAATACTCCTT HK5NHBGXX:1:AGGCAGAATACTCCTT	AGGCAGAATACTCCTT_library	AGGCAGAATACTCCTT_sample
TCCTGAGC	TACTCCTT	/volume/babylon/brooklyn/work/151023_NB501157_0004_AHK5NHBGXX/cram_demuxltiplex/SA_TCCTGAGCTACTCCTT.cram	SA_TCCTGAGCTACTCCTT LN_TCCTGAGCTACTCCTT HK5NHBGXX:1:TCCTGAGCTACTCCTT	TCCTGAGCTACTCCTT_library	TCCTGAGCTACTCCTT_sample
GGACTCCT	TACTCCTT	/volume/babylon/brooklyn/work/151023_NB501157_0004_AHK5NHBGXX/cram_demuxltiplex/SA_GGACTCCTTACTCCTT.cram	SA_GGACTCCTTACTCCTT LN_GGACTCCTTACTCCTT HK5NHBGXX:1:GGACTCCTTACTCCTT	GGACTCCTTACTCCTT_library	GGACTCCTTACTCCTT_sample
TAGGCATG	TACTCCTT	/volume/babylon/brooklyn/work/151023_NB501157_0004_AHK5NHBGXX/cram_demuxltiplex/SA_TAGGCATGTACTCCTT.cram	SA_TAGGCATGTACTCCTT LN_TAGGCATGTACTCCTT HK5NHBGXX:1:TAGGCATGTACTCCTT	TAGGCATGTACTCCTT_library	TAGGCATGTACTCCTT_sample
CTCTCTAC	TACTCCTT	/volume/babylon/brooklyn/work/151023_NB501157_0004_AHK5NHBGXX/cram_demuxltiplex/SA_CTCTCTACTACTCCTT.cram	SA_CTCTCTACTACTCCTT LN_CTCTCTACTACTCCTT HK5NHBGXX:1:CTCTCTACTACTCCTT	CTCTCTACTACTCCTT_library	CTCTCTACTACTCCTT_sample
CAGAGAGG	TACTCCTT	/volume/babylon/brooklyn/work/151023_NB501157_0004_AHK5NHBGXX/cram_demuxltiplex/SA_CAGAGAGGTACTCCTT.cram	SA_CAGAGAGGTACTCCTT LN_CAGAGAGGTACTCCTT HK5NHBGXX:1:CAGAGAGGTACTCCTT	CAGAGAGGTACTCCTT_library	CAGAGAGGTACTCCTT_sample
GCTACGCT	TACTCCTT	/volume/babylon/brooklyn/work/151023_NB501157_0004_AHK5NHBGXX/cram_demuxltiplex/SA_GCTACGCTTACTCCTT.cram	SA_GCTACGCTTACTCCTT LN_GCTACGCTTACTCCTT HK5NHBGXX:1:GCTACGCTTACTCCTT	GCTACGCTTACTCCTT_library	GCTACGCTTACTCCTT_sample
CGAGGCTG	TACTCCTT	/volume/babylon/brooklyn/work/151023_NB501157_0004_AHK5NHBGXX/cram_demuxltiplex/SA_CGAGGCTGTACTCCTT.cram	SA_CGAGGCTGTACTCCTT LN_CGAGGCTGTACTCCTT HK5NHBGXX:1:CGAGGCTGTACTCCTT	CGAGGCTGTACTCCTT_library	CGAGGCTGTACTCCTT_sample
AAGAGGCA	TACTCCTT	/volume/babylon/brooklyn/work/151023_NB501157_0004_AHK5NHBGXX/cram_demuxltiplex/SA_AAGAGGCATACTCCTT.cram	SA_AAGAGGCATACTCCTT LN_AAGAGGCATACTCCTT HK5NHBGXX:1:AAGAGGCATACTCCTT	AAGAGGCATACTCCTT_library	AAGAGGCATACTCCTT_sample
GTAGAGGA	TACTCCTT	/volume/babylon/brooklyn/work/151023_NB501157_0004_AHK5NHBGXX/cram_demuxltiplex/SA_GTAGAGGATACTCCTT.cram	SA_GTAGAGGATACTCCTT LN_GTAGAGGATACTCCTT HK5NHBGXX:1:GTAGAGGATACTCCTT	GTAGAGGATACTCCTT_library	GTAGAGGATACTCCTT_sample
TAAGGCGA	AGGCTTAG	/volume/babylon/brooklyn/work/151023_NB501157_0004_AHK5NHBGXX/cram_demuxltiplex/SA_TAAGGCGAAGGCTTAG.cram	SA_TAAGGCGAAGGCTTAG LN_TAAGGCGAAGGCTTAG HK5NHBGXX:1:TAAGGCGAAGGCTTAG	TAAGGCGAAGGCTTAG_library	TAAGGCGAAGGCTTAG_sample
CGTACTAG	AGGCTTAG	/volume/babylon/brooklyn/work/151023_NB501157_0004_AHK5NHBGXX/cram_demuxltiplex/SA_CGTACTAGAGGCTTAG.cram	SA_CGTACTAGAGGCTTAG LN_CGTACTAGAGGCTTAG HK5NHBGXX:1:CGTACTAGAGGCTTAG	CGTACTAGAGGCTTAG_library	CGTACTAGAGGCTTAG_sample
AGGCAGAA	AGGCTTAG	/volume/babylon/brooklyn/work/151023_NB501157_0004_AHK5NHBGXX/cram_demuxltiplex/SA_AGGCAGAAAGGCTTAG.cram	SA_AGGCAGAAAGGCTTAG LN_AGGCAGAAAGGCTTAG HK5NHBGXX:1:AGGCAGAAAGGCTTAG	AGGCAGAAAGGCTTAG_library	AGGCAGAAAGGCTTAG_sample
TCCTGAGC	AGGCTTAG	/volume/babylon/brooklyn/work/151023_NB501157_0004_AHK5NHBGXX/cram_demuxltiplex/SA_TCCTGAGCAGGCTTAG.cram	SA_TCCTGAGCAGGCTTAG LN_TCCTGAGCAGGCTTAG HK5NHBGXX:1:TCCTGAGCAGGCTTAG	TCCTGAGCAGGCTTAG_library	TCCTGAGCAGGCTTAG_sample
GGACTCCT	AGGCTTAG	/volume/babylon/brooklyn/work/151023_NB501157_0004_AHK5NHBGXX/cram_demuxltiplex/SA_GGACTCCTAGGCTTAG.cram	SA_GGACTCCTAGGCTTAG LN_GGACTCCTAGGCTTAG HK5NHBGXX:1:GGACTCCTAGGCTTAG	GGACTCCTAGGCTTAG_library	GGACTCCTAGGCTTAG_sample
TAGGCATG	AGGCTTAG	/volume/babylon/brooklyn/work/151023_NB501157_0004_AHK5NHBGXX/cram_demuxltiplex/SA_TAGGCATGAGGCTTAG.cram	SA_TAGGCATGAGGCTTAG LN_TAGGCATGAGGCTTAG HK5NHBGXX:1:TAGGCATGAGGCTTAG	TAGGCATGAGGCTTAG_library	TAGGCATGAGGCTTAG_sample
CTCTCTAC	AGGCTTAG	/volume/babylon/brooklyn/work/151023_NB501157_0004_AHK5NHBGXX/cram_demuxltiplex/SA_CTCTCTACAGGCTTAG.cram	SA_CTCTCTACAGGCTTAG LN_CTCTCTACAGGCTTAG HK5NHBGXX:1:CTCTCTACAGGCTTAG	CTCTCTACAGGCTTAG_library	CTCTCTACAGGCTTAG_sample
CAGAGAGG	AGGCTTAG	/volume/babylon/brooklyn/work/151023_NB501157_0004_AHK5NHBGXX/cram_demuxltiplex/SA_CAGAGAGGAGGCTTAG.cram	SA_CAGAGAGGAGGCTTAG LN_CAGAGAGGAGGCTTAG HK5NHBGXX:1:CAGAGAGGAGGCTTAG	CAGAGAGGAGGCTTAG_library	CAGAGAGGAGGCTTAG_sample
GCTACGCT	AGGCTTAG	/volume/babylon/brooklyn/work/151023_NB501157_0004_AHK5NHBGXX/cram_demuxltiplex/SA_GCTACGCTAGGCTTAG.cram	SA_GCTACGCTAGGCTTAG LN_GCTACGCTAGGCTTAG HK5NHBGXX:1:GCTACGCTAGGCTTAG	GCTACGCTAGGCTTAG_library	GCTACGCTAGGCTTAG_sample
CGAGGCTG	AGGCTTAG	/volume/babylon/brooklyn/work/151023_NB501157_0004_AHK5NHBGXX/cram_demuxltiplex/SA_CGAGGCTGAGGCTTAG.cram	SA_CGAGGCTGAGGCTTAG LN_CGAGGCTGAGGCTTAG HK5NHBGXX:1:CGAGGCTGAGGCTTAG	CGAGGCTGAGGCTTAG_library	CGAGGCTGAGGCTTAG_sample
AAGAGGCA	AGGCTTAG	/volume/babylon/brooklyn/work/151023_NB501157_0004_AHK5NHBGXX/cram_demuxltiplex/SA_AAGAGGCAAGGCTTAG.cram	SA_AAGAGGCAAGGCTTAG LN_AAGAGGCAAGGCTTAG HK5NHBGXX:1:AAGAGGCAAGGCTTAG	AAGAGGCAAGGCTTAG_library	AAGAGGCAAGGCTTAG_sample
GTAGAGGA	AGGCTTAG	/volume/babylon/brooklyn/work/151023_NB501157_0004_AHK5NHBGXX/cram_demuxltiplex/SA_GTAGAGGAAGGCTTAG.cram	SA_GTAGAGGAAGGCTTAG LN_GTAGAGGAAGGCTTAG HK5NHBGXX:1:GTAGAGGAAGGCTTAG	GTAGAGGAAGGCTTAG_library	GTAGAGGAAGGCTTAG_sample
N	N	/volume/babylon/brooklyn/work/151023_NB501157_0004_AHK5NHBGXX/cram_demuxltiplex/SA_undetermined.cram	SA_undetermined	LN_undetermined	HK5NHBGXX:1:undetermined	LN_undetermined	SN_undetermined