barcode_sequence_1	barcode_sequence_2	barcode_name	library_name
TAAGGCGA	TCTTACGC	BN_TAAGGCGATCTTACGC LN_TAAGGCGATCTTACGC
CGTACTAG	TCTTACGC	BN_CGTACTAGTCTTACGC LN_CGTACTAGTCTTACGC
AGGCAGAA	TCTTACGC	BN_AGGCAGAATCTTACGC LN_AGGCAGAATCTTACGC
TCCTGAGC	TCTTACGC	BN_TCCTGAGCTCTTACGC LN_TCCTGAGCTCTTACGC
GGACTCCT	TCTTACGC	BN_GGACTCCTTCTTACGC LN_GGACTCCTTCTTACGC
TAGGCATG	TCTTACGC	BN_TAGGCATGTCTTACGC LN_TAGGCATGTCTTACGC
CTCTCTAC	TCTTACGC	BN_CTCTCTACTCTTACGC LN_CTCTCTACTCTTACGC
CAGAGAGG	TCTTACGC	BN_CAGAGAGGTCTTACGC LN_CAGAGAGGTCTTACGC
GCTACGCT	TCTTACGC	BN_GCTACGCTTCTTACGC LN_GCTACGCTTCTTACGC
CGAGGCTG	TCTTACGC	BN_CGAGGCTGTCTTACGC LN_CGAGGCTGTCTTACGC
AAGAGGCA	TCTTACGC	BN_AAGAGGCATCTTACGC LN_AAGAGGCATCTTACGC
GTAGAGGA	TCTTACGC	BN_GTAGAGGATCTTACGC LN_GTAGAGGATCTTACGC
TAAGGCGA	ATAGAGAG	BN_TAAGGCGAATAGAGAG LN_TAAGGCGAATAGAGAG
CGTACTAG	ATAGAGAG	BN_CGTACTAGATAGAGAG LN_CGTACTAGATAGAGAG
AGGCAGAA	ATAGAGAG	BN_AGGCAGAAATAGAGAG LN_AGGCAGAAATAGAGAG
TCCTGAGC	ATAGAGAG	BN_TCCTGAGCATAGAGAG LN_TCCTGAGCATAGAGAG
GGACTCCT	ATAGAGAG	BN_GGACTCCTATAGAGAG LN_GGACTCCTATAGAGAG
TAGGCATG	ATAGAGAG	BN_TAGGCATGATAGAGAG LN_TAGGCATGATAGAGAG
CTCTCTAC	ATAGAGAG	BN_CTCTCTACATAGAGAG LN_CTCTCTACATAGAGAG
CAGAGAGG	ATAGAGAG	BN_CAGAGAGGATAGAGAG LN_CAGAGAGGATAGAGAG
GCTACGCT	ATAGAGAG	BN_GCTACGCTATAGAGAG LN_GCTACGCTATAGAGAG
CGAGGCTG	ATAGAGAG	BN_CGAGGCTGATAGAGAG LN_CGAGGCTGATAGAGAG
AAGAGGCA	ATAGAGAG	BN_AAGAGGCAATAGAGAG LN_AAGAGGCAATAGAGAG
GTAGAGGA	ATAGAGAG	BN_GTAGAGGAATAGAGAG LN_GTAGAGGAATAGAGAG
TAAGGCGA	AGAGGATA	BN_TAAGGCGAAGAGGATA LN_TAAGGCGAAGAGGATA
CGTACTAG	AGAGGATA	BN_CGTACTAGAGAGGATA LN_CGTACTAGAGAGGATA
AGGCAGAA	AGAGGATA	BN_AGGCAGAAAGAGGATA LN_AGGCAGAAAGAGGATA
TCCTGAGC	AGAGGATA	BN_TCCTGAGCAGAGGATA LN_TCCTGAGCAGAGGATA
GGACTCCT	AGAGGATA	BN_GGACTCCTAGAGGATA LN_GGACTCCTAGAGGATA
TAGGCATG	AGAGGATA	BN_TAGGCATGAGAGGATA LN_TAGGCATGAGAGGATA
CTCTCTAC	AGAGGATA	BN_CTCTCTACAGAGGATA LN_CTCTCTACAGAGGATA
CAGAGAGG	AGAGGATA	BN_CAGAGAGGAGAGGATA LN_CAGAGAGGAGAGGATA
GCTACGCT	AGAGGATA	BN_GCTACGCTAGAGGATA LN_GCTACGCTAGAGGATA
CGAGGCTG	AGAGGATA	BN_CGAGGCTGAGAGGATA LN_CGAGGCTGAGAGGATA
AAGAGGCA	AGAGGATA	BN_AAGAGGCAAGAGGATA LN_AAGAGGCAAGAGGATA
GTAGAGGA	AGAGGATA	BN_GTAGAGGAAGAGGATA LN_GTAGAGGAAGAGGATA
TAAGGCGA	TCTACTCT	BN_TAAGGCGATCTACTCT LN_TAAGGCGATCTACTCT
CGTACTAG	TCTACTCT	BN_CGTACTAGTCTACTCT LN_CGTACTAGTCTACTCT
AGGCAGAA	TCTACTCT	BN_AGGCAGAATCTACTCT LN_AGGCAGAATCTACTCT
TCCTGAGC	TCTACTCT	BN_TCCTGAGCTCTACTCT LN_TCCTGAGCTCTACTCT
GGACTCCT	TCTACTCT	BN_GGACTCCTTCTACTCT LN_GGACTCCTTCTACTCT
TAGGCATG	TCTACTCT	BN_TAGGCATGTCTACTCT LN_TAGGCATGTCTACTCT
CTCTCTAC	TCTACTCT	BN_CTCTCTACTCTACTCT LN_CTCTCTACTCTACTCT
CAGAGAGG	TCTACTCT	BN_CAGAGAGGTCTACTCT LN_CAGAGAGGTCTACTCT
GCTACGCT	TCTACTCT	BN_GCTACGCTTCTACTCT LN_GCTACGCTTCTACTCT
CGAGGCTG	TCTACTCT	BN_CGAGGCTGTCTACTCT LN_CGAGGCTGTCTACTCT
AAGAGGCA	TCTACTCT	BN_AAGAGGCATCTACTCT LN_AAGAGGCATCTACTCT
GTAGAGGA	TCTACTCT	BN_GTAGAGGATCTACTCT LN_GTAGAGGATCTACTCT
TAAGGCGA	CTCCTTAC	BN_TAAGGCGACTCCTTAC LN_TAAGGCGACTCCTTAC
CGTACTAG	CTCCTTAC	BN_CGTACTAGCTCCTTAC LN_CGTACTAGCTCCTTAC
AGGCAGAA	CTCCTTAC	BN_AGGCAGAACTCCTTAC LN_AGGCAGAACTCCTTAC
TCCTGAGC	CTCCTTAC	BN_TCCTGAGCCTCCTTAC LN_TCCTGAGCCTCCTTAC
GGACTCCT	CTCCTTAC	BN_GGACTCCTCTCCTTAC LN_GGACTCCTCTCCTTAC
TAGGCATG	CTCCTTAC	BN_TAGGCATGCTCCTTAC LN_TAGGCATGCTCCTTAC
CTCTCTAC	CTCCTTAC	BN_CTCTCTACCTCCTTAC LN_CTCTCTACCTCCTTAC
CAGAGAGG	CTCCTTAC	BN_CAGAGAGGCTCCTTAC LN_CAGAGAGGCTCCTTAC
GCTACGCT	CTCCTTAC	BN_GCTACGCTCTCCTTAC LN_GCTACGCTCTCCTTAC
CGAGGCTG	CTCCTTAC	BN_CGAGGCTGCTCCTTAC LN_CGAGGCTGCTCCTTAC
AAGAGGCA	CTCCTTAC	BN_AAGAGGCACTCCTTAC LN_AAGAGGCACTCCTTAC
GTAGAGGA	CTCCTTAC	BN_GTAGAGGACTCCTTAC LN_GTAGAGGACTCCTTAC
TAAGGCGA	TATGCAGT	BN_TAAGGCGATATGCAGT LN_TAAGGCGATATGCAGT
CGTACTAG	TATGCAGT	BN_CGTACTAGTATGCAGT LN_CGTACTAGTATGCAGT
AGGCAGAA	TATGCAGT	BN_AGGCAGAATATGCAGT LN_AGGCAGAATATGCAGT
TCCTGAGC	TATGCAGT	BN_TCCTGAGCTATGCAGT LN_TCCTGAGCTATGCAGT
GGACTCCT	TATGCAGT	BN_GGACTCCTTATGCAGT LN_GGACTCCTTATGCAGT
TAGGCATG	TATGCAGT	BN_TAGGCATGTATGCAGT LN_TAGGCATGTATGCAGT
CTCTCTAC	TATGCAGT	BN_CTCTCTACTATGCAGT LN_CTCTCTACTATGCAGT
CAGAGAGG	TATGCAGT	BN_CAGAGAGGTATGCAGT LN_CAGAGAGGTATGCAGT
GCTACGCT	TATGCAGT	BN_GCTACGCTTATGCAGT LN_GCTACGCTTATGCAGT
CGAGGCTG	TATGCAGT	BN_CGAGGCTGTATGCAGT LN_CGAGGCTGTATGCAGT
AAGAGGCA	TATGCAGT	BN_AAGAGGCATATGCAGT LN_AAGAGGCATATGCAGT
GTAGAGGA	TATGCAGT	BN_GTAGAGGATATGCAGT LN_GTAGAGGATATGCAGT
TAAGGCGA	TACTCCTT	BN_TAAGGCGATACTCCTT LN_TAAGGCGATACTCCTT
CGTACTAG	TACTCCTT	BN_CGTACTAGTACTCCTT LN_CGTACTAGTACTCCTT
AGGCAGAA	TACTCCTT	BN_AGGCAGAATACTCCTT LN_AGGCAGAATACTCCTT
TCCTGAGC	TACTCCTT	BN_TCCTGAGCTACTCCTT LN_TCCTGAGCTACTCCTT
GGACTCCT	TACTCCTT	BN_GGACTCCTTACTCCTT LN_GGACTCCTTACTCCTT
TAGGCATG	TACTCCTT	BN_TAGGCATGTACTCCTT LN_TAGGCATGTACTCCTT
CTCTCTAC	TACTCCTT	BN_CTCTCTACTACTCCTT LN_CTCTCTACTACTCCTT
CAGAGAGG	TACTCCTT	BN_CAGAGAGGTACTCCTT LN_CAGAGAGGTACTCCTT
GCTACGCT	TACTCCTT	BN_GCTACGCTTACTCCTT LN_GCTACGCTTACTCCTT
CGAGGCTG	TACTCCTT	BN_CGAGGCTGTACTCCTT LN_CGAGGCTGTACTCCTT
AAGAGGCA	TACTCCTT	BN_AAGAGGCATACTCCTT LN_AAGAGGCATACTCCTT
GTAGAGGA	TACTCCTT	BN_GTAGAGGATACTCCTT LN_GTAGAGGATACTCCTT
TAAGGCGA	AGGCTTAG	BN_TAAGGCGAAGGCTTAG LN_TAAGGCGAAGGCTTAG
CGTACTAG	AGGCTTAG	BN_CGTACTAGAGGCTTAG LN_CGTACTAGAGGCTTAG
AGGCAGAA	AGGCTTAG	BN_AGGCAGAAAGGCTTAG LN_AGGCAGAAAGGCTTAG
TCCTGAGC	AGGCTTAG	BN_TCCTGAGCAGGCTTAG LN_TCCTGAGCAGGCTTAG
GGACTCCT	AGGCTTAG	BN_GGACTCCTAGGCTTAG LN_GGACTCCTAGGCTTAG
TAGGCATG	AGGCTTAG	BN_TAGGCATGAGGCTTAG LN_TAGGCATGAGGCTTAG
CTCTCTAC	AGGCTTAG	BN_CTCTCTACAGGCTTAG LN_CTCTCTACAGGCTTAG
CAGAGAGG	AGGCTTAG	BN_CAGAGAGGAGGCTTAG LN_CAGAGAGGAGGCTTAG
GCTACGCT	AGGCTTAG	BN_GCTACGCTAGGCTTAG LN_GCTACGCTAGGCTTAG
CGAGGCTG	AGGCTTAG	BN_CGAGGCTGAGGCTTAG LN_CGAGGCTGAGGCTTAG
AAGAGGCA	AGGCTTAG	BN_AAGAGGCAAGGCTTAG LN_AAGAGGCAAGGCTTAG
GTAGAGGA	AGGCTTAG	BN_GTAGAGGAAGGCTTAG LN_GTAGAGGAAGGCTTAG