"","barcode","source"
"1","TTCTCGCATG","293T_cell"
"2","TCCTACCAGT","293T_cell"
"3","GCGTTGGAGC","293T_cell"
"4","GATCTTACGC","293T_cell"
"5","AATTAAGACT","293T_cell"
"6","CCATTGCGTT","293T_cell"
"7","TTATTCATTC","293T_cell"
"8","ATCTCCGAAC","293T_cell"
"9","TAGAATTAAC","293T_cell"
"10","GCCATTCTCC","293T_cell"
"11","TGCCGGCAGA","293T_cell"
"12","TTACCGAGGC","293T_cell"
"13","TCGGCCTTAC","293T_cell"
"14","AGAACGTCTC","293T_cell"
"15","CCAGTTCCAA","293T_cell"
"16","GGCGTTAAGG","293T_cell"
"17","AGAGAAGGTT","293T_cell"
"18","CATACTCCGA","293T_cell"
"19","GCTAACTTGC","293T_cell"
"20","AATCCATCTT","293T_cell"
"21","AACCTGCGTA","293T_cell"
"22","GGCAGACGCC","293T_cell"
"23","TAGCCGTCAT","293T_cell"
"24","CCTGGAAGAG","293T_cell"
"25","TATATACTAA","293T_cell"
"26","ACTTGCTAGA","293T_cell"
"27","AACCATTGGA","293T_cell"
"28","TCGCGGTTGG","293T_cell"
"29","CTAACTAGAT","293T_cell"
"30","GCTGGAACTT","293T_cell"
"31","AGGTTAGTTC","293T_cell"
"32","CATTCGACGG","293T_cell"
"33","CTGATGGTCA","3T3_cell"
"34","CCGAGAATCC","3T3_cell"
"35","GCCGCAACGA","3T3_cell"
"36","TGAGTCTGGC","3T3_cell"
"37","TTGACTTCAG","3T3_cell"
"38","GGCAGGTATT","3T3_cell"
"39","AGAGCTATAA","3T3_cell"
"40","CTAAGAGAAG","3T3_cell"
"41","ATCATATTAG","3T3_cell"
"42","TGGTCAGCCA","3T3_cell"
"43","ACTATGCAAT","3T3_cell"
"44","CGACGCGACT","3T3_cell"
"45","ACTTAACCTT","3T3_cell"
"46","CAACCGCTAA","3T3_cell"
"47","GACCTTGATA","3T3_cell"
"48","TCTGATACCA","3T3_cell"
"49","GGCTGAGCTC","3T3_cell"
"50","CCGATTCCTG","3T3_cell"
"51","ACCGCCAACC","3T3_cell"
"52","TGGCCTGAAG","3T3_cell"
"53","GGAGGTTCTA","3T3_cell"
"54","CTAGTAGTCT","3T3_cell"
"55","ATCATCAACG","3T3_cell"
"56","ACGCGAGATT","3T3_cell"
"57","CGTAGTTACC","3T3_cell"
"58","TCCAATCATC","3T3_cell"
"59","AATCGATAAT","3T3_cell"
"60","CCATTATCTA","3T3_cell"
"61","CATTCAATCA","3T3_cell"
"62","CGGATTAGAA","3T3_cell"
"63","ATCGGCTATC","3T3_cell"
"64","CCTTGATCGT","3T3_cell"
"65","TGCGGACCTA","Hela_cell"
"66","ACCTCGTTGA","Hela_cell"
"67","ACGGAGGCGG","Hela_cell"
"68","TAGATCTACT","Hela_cell"
"69","ACTCAATAGG","Hela_cell"
"70","CTTGCGCCGC","Hela_cell"
"71","AATCGTAGCG","Hela_cell"
"72","GGTACTGCCT","Hela_cell"
"73","GATACGGAAC","Hela_cell"
"74","TTATCCGGAT","Hela_cell"
"75","TAGAGTAATA","Hela_cell"
"76","GCAGGTCCGT","Hela_cell"
"77","GAAGATCGAG","Hela_cell"
"78","AGGAGCGGTA","Hela_cell"
"79","AAGAAGCTAG","Hela_cell"
"80","TCCGGCCTCG","Hela_cell"
"81","AACCTCATTC","Hela_cell"
"82","ATAAGGAGCA","Hela_cell"
"83","CGAACGCCGG","Hela_cell"
"84","GGTATGCTTG","Hela_cell"
"85","GAAGAGGCAT","Hela_cell"
"86","GGTATCCGCC","Hela_cell"
"87","AACTAGGCGC","Hela_cell"
"88","TCGCTAAGCA","Hela_cell"
"89","TCAACGTAAG","Hela_cell"
"90","TCTAATAGTA","Hela_cell"
"91","AACCGCTGGT","Hela_cell"
"92","GATCGCTTCT","Hela_cell"
"93","ACGAAGTCAA","Hela_cell"
"94","TTACCTCGAC","Hela_cell"
"95","GGAGGATAGC","Hela_cell"
"96","GGCTCTCTAT","Hela_cell"
"97","CGGTCAAGAA","293T_3T3_cell"
"98","CGCTCCTAAC","293T_3T3_cell"
"99","ATCCATGACT","293T_3T3_cell"
"100","AACCTGGTCT","293T_3T3_cell"
"101","ACCGAAGACC","293T_3T3_cell"
"102","GGTACCGGCA","293T_3T3_cell"
"103","AAGCCAGTTA","293T_3T3_cell"
"104","TCTTGCCGAC","293T_3T3_cell"
"105","AAGACCGTTG","293T_3T3_cell"
"106","AGGTTAGCAT","293T_3T3_cell"
"107","TTCGCCTCCA","293T_3T3_cell"
"108","AGAGCCAAGG","293T_3T3_cell"
"109","AATACCATCC","293T_3T3_cell"
"110","AGCTCTCCTC","293T_3T3_cell"
"111","CTTGATTGCC","293T_3T3_cell"
"112","AGCTTATCCG","293T_3T3_cell"
"113","AAGAATCTGA","293T_3T3_cell"
"114","CATCTCTGCA","293T_3T3_cell"
"115","ACCTGGCCAA","293T_3T3_cell"
"116","TAACTGGTTA","293T_3T3_cell"
"117","TTGCTAACGG","293T_3T3_cell"
"118","ACTAGAGAGT","293T_3T3_cell"
"119","AATGCCGCTT","293T_3T3_cell"
"120","TATAGACGCA","293T_3T3_cell"
"121","TCAATCGCAT","293T_3T3_cell"
"122","TTCTTAATAA","293T_3T3_cell"
"123","GTCCTAGAGG","293T_3T3_cell"
"124","ATATTGATAC","293T_3T3_cell"
"125","CCGCTGCCAG","293T_3T3_cell"
"126","CCTAGTACGT","293T_3T3_cell"
"127","CAATTACCGT","293T_3T3_cell"
"128","GGCCGTAGTC","293T_3T3_cell"
"129","CGATTACGGC","293T_3T3_cell"
"130","TAATGAACGA","293T_3T3_cell"
"131","CCGTTCCTTA","293T_3T3_cell"
"132","GGTACCATAT","293T_3T3_cell"
"133","CCGATTCGCA","293T_3T3_cell"
"134","ATGGCTCTGC","293T_3T3_cell"
"135","GTATAATACG","293T_3T3_cell"
"136","ATCAGCAAGT","293T_3T3_cell"
"137","GGCGAACTCG","293T_3T3_cell"
"138","TTAATTGAAT","293T_3T3_cell"
"139","TTAGGACCGG","293T_3T3_cell"
"140","AAGTAAGAGC","293T_3T3_cell"
"141","CCTTGGTCCA","293T_3T3_cell"
"142","CATCAGAATG","293T_3T3_cell"
"143","TTATAGCAGA","293T_3T3_cell"
"144","TTACTTGGAA","293T_3T3_cell"
"145","GCTCAGCCGG","293T_3T3_cell"
"146","ACGTCCGCAG","293T_3T3_cell"
"147","TTGACTGACG","293T_3T3_cell"
"148","TTGCGAGGCA","293T_3T3_cell"
"149","TTCCAACCGC","293T_3T3_cell"
"150","TAACCTTCGG","293T_3T3_cell"
"151","TCAAGCCGAT","293T_3T3_cell"
"152","CTTGCAACCT","293T_3T3_cell"
"153","CCATCGCGAA","293T_3T3_cell"
"154","TAGACTTCTT","293T_3T3_cell"
"155","GTCCTTAAGA","293T_3T3_cell"
"156","AGTAACGGTC","293T_3T3_cell"
"157","GTTCGTCAGA","293T_3T3_cell"
"158","CGCCTAATGC","293T_3T3_cell"
"159","ACCGGAATTA","293T_3T3_cell"
"160","TAGGCCATAG","293T_3T3_cell"
"161","TAACTCTTAG","293T_3T3_cell"
"162","TATGAGTTAA","293T_3T3_cell"
"163","TATCATGATC","293T_3T3_cell"
"164","GAGCATATGG","293T_3T3_cell"
"165","TAACGATCCA","293T_3T3_cell"
"166","CGGCGTAACT","293T_3T3_cell"
"167","CGTCGCAGCC","293T_3T3_cell"
"168","GTAGCTCCAT","293T_3T3_cell"
"169","TTGCCTTGGC","293T_3T3_cell"
"170","TGCTAATTCT","293T_3T3_cell"
"171","GTCCTACTTG","293T_3T3_cell"
"172","GGTAGGTTAG","293T_3T3_cell"
"173","GAGCATCATT","293T_3T3_cell"
"174","CCGCTCCGGC","293T_3T3_cell"
"175","TTCTTCCGGT","293T_3T3_cell"
"176","AGGAGAGAAC","293T_3T3_cell"
"177","TAACTCAATT","293T_3T3_cell"
"178","ACTATAGGTT","293T_3T3_cell"
"179","CAAGATGCCG","293T_3T3_cell"
"180","AACGTCTAGT","293T_3T3_cell"
"181","AGGTATACTC","293T_3T3_cell"
"182","TTCATAGGAC","293T_3T3_cell"
"183","GGAGGCCTCC","293T_3T3_cell"
"184","TTCAATATAA","293T_3T3_cell"
"185","ACGTCATATA","293T_3T3_cell"
"186","TTGACCAGGA","293T_3T3_cell"
"187","CGGTTGCGCG","293T_3T3_cell"
"188","CAAGGAGGTC","293T_3T3_cell"
"189","TTACGATGAA","293T_3T3_cell"
"190","TTGCTGGCAT","293T_3T3_cell"
"191","GAGGCATCAA","293T_3T3_cell"
"192","ATTCGACCAA","293T_3T3_cell"
"193","CCGCGGCTCA","hela_3T3_cell"
"194","GGCTCCTCGT","hela_3T3_cell"
"195","GTTACGCAAG","hela_3T3_cell"
"196","AGCCGGTACC","hela_3T3_cell"
"197","ACCTCTATCT","hela_3T3_cell"
"198","GGACTACTAC","hela_3T3_cell"
"199","GTATCATCGA","hela_3T3_cell"
"200","CCGCGATTAT","hela_3T3_cell"
"201","ATTCAGGTAC","hela_3T3_cell"
"202","ATGGAATTGG","hela_3T3_cell"
"203","GACGAAGCGT","hela_3T3_cell"
"204","CTTGCAGTAG","hela_3T3_cell"
"205","CTTGGTAATG","hela_3T3_cell"
"206","CAAGTCGACC","hela_3T3_cell"
"207","TAACGAATTG","hela_3T3_cell"
"208","TGAGAACCAA","hela_3T3_cell"
"209","TTATTCTGAG","hela_3T3_cell"
"210","TTATTATGGT","hela_3T3_cell"
"211","ATATGAGCCA","hela_3T3_cell"
"212","CAACCAGTAC","hela_3T3_cell"
"213","CATCCGACTA","hela_3T3_cell"
"214","ATCATGGCTG","hela_3T3_cell"
"215","CCGCAAGTTC","hela_3T3_cell"
"216","CTTCTCATTG","hela_3T3_cell"
"217","CAGGAGGAGA","hela_3T3_cell"
"218","GATATCGGCG","hela_3T3_cell"
"219","CCAGTCCTCT","hela_3T3_cell"
"220","CATAGTTCGG","hela_3T3_cell"
"221","CGTAATGCAG","hela_3T3_cell"
"222","CCGTTCGGAT","hela_3T3_cell"
"223","CCATAAGTCC","hela_3T3_cell"
"224","GGCAATGAGA","hela_3T3_cell"
"225","CGGTTATGCC","hela_3T3_cell"
"226","TGGCCGGCCT","hela_3T3_cell"
"227","AGCTGCAATA","hela_3T3_cell"
"228","TGGCCATGCA","hela_3T3_cell"
"229","TGACGCTCCG","hela_3T3_cell"
"230","AACTGCTGCC","hela_3T3_cell"
"231","TGCGCGATGC","hela_3T3_cell"
"232","ATTGAGATTG","hela_3T3_cell"
"233","TTGATATATT","hela_3T3_cell"
"234","CGGTAGGAAT","hela_3T3_cell"
"235","ACCAGCGCAG","hela_3T3_cell"
"236","CGAATGAGCT","hela_3T3_cell"
"237","AGTTCGAGTA","hela_3T3_cell"
"238","TTGGACGCTG","hela_3T3_cell"
"239","ATAGACTAGG","hela_3T3_cell"
"240","TATAGTAAGC","hela_3T3_cell"
"241","CGGTCGTTAA","hela_3T3_cell"
"242","ATGGCGGATC","hela_3T3_cell"
"243","CTCTGATCAG","hela_3T3_cell"
"244","GGCCAGTCCG","hela_3T3_cell"
"245","CGGAAGATAT","hela_3T3_cell"
"246","TGGCTGATGA","hela_3T3_cell"
"247","GAAGGTTGCC","hela_3T3_cell"
"248","GTTGAAGGAT","hela_3T3_cell"
"249","CCATTCGTAA","hela_3T3_cell"
"250","TGCGCCAGAA","hela_3T3_cell"
"251","CGAATAATTC","hela_3T3_cell"
"252","GCGACGCCTT","hela_3T3_cell"
"253","ATCAACGATT","hela_3T3_cell"
"254","GTTCTGAATT","hela_3T3_cell"
"255","GCTAACCTCA","hela_3T3_cell"
"256","CAAGCAACTG","hela_3T3_cell"
"257","GGAGCGGCCG","hela_3T3_cell"
"258","CGCGTACGAC","hela_3T3_cell"
"259","CGATGGCGCC","hela_3T3_cell"
"260","TGGTATTCAT","hela_3T3_cell"
"261","GATAAGGCAA","hela_3T3_cell"
"262","GCCGGTCGAG","hela_3T3_cell"
"263","TGCGCCATCT","hela_3T3_cell"
"264","AAGTCTTCCG","hela_3T3_cell"
"265","AGACTCAAGC","hela_3T3_cell"
"266","GCAGGCGACG","hela_3T3_cell"
"267","AATACTCTTC","hela_3T3_cell"
"268","CCAACTAACC","hela_3T3_cell"
"269","TATCCTCAAT","hela_3T3_cell"
"270","GCCGTCGCGT","hela_3T3_cell"
"271","CCGCTGCTTC","hela_3T3_cell"
"272","TGACCGAATC","hela_3T3_cell"
"273","GTCTCCAGAG","hela_3T3_cell"
"274","AATGCTAGTC","hela_3T3_cell"
"275","GACGACCTGC","hela_3T3_cell"
"276","AGAGCCAGCC","hela_3T3_cell"
"277","CCAGGCCGCA","hela_3T3_cell"
"278","CAGGTATGGA","hela_3T3_cell"
"279","CCGGAGTTGC","hela_3T3_cell"
"280","TTAATTATTG","hela_3T3_cell"
"281","AATCAGCTGC","hela_3T3_cell"
"282","CCGTTGACTT","hela_3T3_cell"
"283","GCCAGGATCA","hela_3T3_cell"
"284","CTTCGGCGCA","hela_3T3_cell"
"285","CAAGGCATTC","hela_3T3_cell"
"286","AAGAATGGAA","hela_3T3_cell"
"287","CGGATGAAGG","hela_3T3_cell"
"288","TATCGTCGGC","hela_3T3_cell"
"289","GCCGTATGCT","hela_293T_cell"
"290","CTGAACTGGT","hela_293T_cell"
"291","CATAACCAGC","hela_293T_cell"
"292","AAGTTGCCAT","hela_293T_cell"
"293","AGGCCGCTCG","hela_293T_cell"
"294","AGGTAATAGG","hela_293T_cell"
"295","GTACTAGTAA","hela_293T_cell"
"296","GCGCGGTAGT","hela_293T_cell"
"297","CTGGATTAGT","hela_293T_cell"
"298","TTGGATCCTT","hela_293T_cell"
"299","TTGGAATCTC","hela_293T_cell"
"300","ACCTGGACGC","hela_293T_cell"
"301","CCTGACGTTC","hela_293T_cell"
"302","GCGTTCAGCT","hela_293T_cell"
"303","TTAGCAATAA","hela_293T_cell"
"304","TTGATGCTAT","hela_293T_cell"
"305","CTCTGCGGCA","hela_293T_cell"
"306","AATAATACCA","hela_293T_cell"
"307","ACGCCGTTCA","hela_293T_cell"
"308","TTCGCTTACG","hela_293T_cell"
"309","TACGGCTACG","hela_293T_cell"
"310","TTCTTATCGA","hela_293T_cell"
"311","TTCCATGGCA","hela_293T_cell"
"312","AAGTAGTCAG","hela_293T_cell"
"313","TCAGCTCTAA","hela_293T_cell"
"314","CGAATAGATG","hela_293T_cell"
"315","CGGAGATCCG","hela_293T_cell"
"316","ACCGCAGAAT","hela_293T_cell"
"317","TCTCCTATAA","hela_293T_cell"
"318","CAACCTATAT","hela_293T_cell"
"319","AGTCGAGAAG","hela_293T_cell"
"320","AAGACGGCCA","hela_293T_cell"
"321","GCCAACGCCA","hela_293T_cell"
"322","TCTACCATTA","hela_293T_cell"
"323","CTTGCGGTCT","hela_293T_cell"
"324","TTACGTATAC","hela_293T_cell"
"325","CGATTGGTTA","hela_293T_cell"
"326","ACTTAACTAG","hela_293T_cell"
"327","GCAGACCGGT","hela_293T_cell"
"328","TGAGTCCAGA","hela_293T_cell"
"329","TGGAGAATTC","hela_293T_cell"
"330","ACCAGCCTTA","hela_293T_cell"
"331","GGCGAGCTTA","hela_293T_cell"
"332","TCGAGGAGTA","hela_293T_cell"
"333","CCTTACTCCT","hela_293T_cell"
"334","TCAGACGAAC","hela_293T_cell"
"335","CCGTCCAGTA","hela_293T_cell"
"336","GTTCCGCTAA","hela_293T_cell"
"337","CAGATTCGAT","hela_293T_cell"
"338","TGCATATAAC","hela_293T_cell"
"339","TAGGCAGATA","hela_293T_cell"
"340","TATGCCGAGT","hela_293T_cell"
"341","ATAGTCGTAG","hela_293T_cell"
"342","GGATGCAGCA","hela_293T_cell"
"343","CCGCTATATT","hela_293T_cell"
"344","ATCGAGTCGC","hela_293T_cell"
"345","GCGACGCAGA","hela_293T_cell"
"346","AATGGTCGAC","hela_293T_cell"
"347","TGGAACTAGA","hela_293T_cell"
"348","GTCCAACTCA","hela_293T_cell"
"349","GTTATGGATC","hela_293T_cell"
"350","TTATAAGAAC","hela_293T_cell"
"351","CAAGCTTCAT","hela_293T_cell"
"352","CTGATTAAGA","hela_293T_cell"
"353","TACTTACTTA","hela_293T_cell"
"354","GGATCTGCAG","hela_293T_cell"
"355","ATGCAATATG","hela_293T_cell"
"356","TTCCTAGACC","hela_293T_cell"
"357","ACTGCCGATA","hela_293T_cell"
"358","TCCAGAAGGT","hela_293T_cell"
"359","TTCAAGACCA","hela_293T_cell"
"360","TATTACTCAT","hela_293T_cell"
"361","AACTGATCTT","hela_293T_cell"
"362","CCGCGGACCG","hela_293T_cell"
"363","AATACGCAGG","hela_293T_cell"
"364","GGTCGCGTCA","hela_293T_cell"
"365","AATTATCAGC","hela_293T_cell"
"366","CAGCTATCGT","hela_293T_cell"
"367","ATTGCGCTGA","hela_293T_cell"
"368","TTGGTAGGCG","hela_293T_cell"
"369","AGCTAAGGTA","hela_293T_cell"
"370","TCGTAGAGAA","hela_293T_cell"
"371","TGATGGCCTT","hela_293T_cell"
"372","TGGAAGTACC","hela_293T_cell"
"373","CTCCAAGGAT","hela_293T_cell"
"374","AGATATATCG","hela_293T_cell"
"375","CATGCTGGTT","hela_293T_cell"
"376","TCCTCGAGTC","hela_293T_cell"
"377","GCAAGGAATA","hela_293T_cell"
"378","GGCATAGCTT","hela_293T_cell"
"379","CTACGGTAGC","hela_293T_cell"
"380","AGTAAGCATA","hela_293T_cell"
"381","CGCCTCGAAC","hela_293T_cell"
"382","TTAGGATCTA","hela_293T_cell"
"383","ACTACTGAAG","hela_293T_cell"
"384","AATCTGGAGT","hela_293T_cell"
